case_id,context_utilization,json_file
V1,0.9317956349089874,V1_arch3_20260408_080240.json
V2,0.9999999999888889,V2_arch3_20260411_112100.json
V3,0.8583333333161667,V3_arch3_20260408_075347.json
V4,0.9067956349093,V4_arch3_20260411_113657.json
V5,0.8917233559963313,V5_arch3_20260408_080353.json
V6,0.8105158730023644,V6_arch3_20260411_114550.json
V8,0.9526289682420604,V8_arch3_20260411_075852.json
V10,0.8928571428348213,V10_arch3_20260410_205350.json
V11,0.9067956349093,V11_arch3_20260411_085135.json
