case_id,response_relevancy,json_file
V1,0.44936914831956937,V1_arch3_20260408_080240.json
V2,0.45300035846304065,V2_arch3_20260411_112100.json
V3,0.3975206923428714,V3_arch3_20260408_075347.json
V4,0.4109478189833909,V4_arch3_20260411_113657.json
V5,0.5659076438548838,V5_arch3_20260408_080353.json
V6,0.45962017072906813,V6_arch3_20260411_114550.json
V8,0.4241591320176212,V8_arch3_20260411_075852.json
V10,0.3942896390838064,V10_arch3_20260410_205350.json
V11,0.3789783439341797,V11_arch3_20260411_085135.json
