case_id,broad_case_group,exact_case_group,arch3_human_mean_score,primary_diagnosis_accuracy,differential_diagnosis_quality,clinical_reasoning_quality,guideline_adherence,overall_clinical_usefulness
V1,Headache,Headache,3.8,4,3,4,4,4
V10,Musculoskeletal/TMD,Muscular (Myogenous TMD),4.2,5,4,4,4,4
V11,Musculoskeletal/TMD,Muscular (Myogenous TMD),5.0,5,5,5,5,5
V2,Headache,Headache,4.6,5,5,5,4,4
V3,Musculoskeletal/TMD,TMD/TMJ,4.4,4,5,5,4,4
V4,Musculoskeletal/TMD,TMD/TMJ,3.6,3,4,4,3,4
V5,Neuropathic-related,Mixed neuropathic + TMD,4.2,4,4,5,4,4
V6,Neuropathic-related,Neuropathic,3.8,4,3,4,4,4
V8,Neuropathic-related,Neuropathic + Musculoskeletal,4.0,4,4,4,4,4
